Built,n,prop
3.3.2,25,0.21929824561403508
3.3.3,89,0.7807017543859649
